<?xml version="1.0" encoding="UTF-8"?>
<beans:beans xmlns="http://www.springframework.org/schema/mvc"
   xmlns:xsi="http://www.w3.org/2001/XMLSchema-instance"
   xmlns:beans="http://www.springframework.org/schema/beans"
   xmlns:context="http://www.springframework.org/schema/context"
   xmlns:mvc="http://www.springframework.org/schema/mvc"
   xmlns:p="http://www.springframework.org/schema/p"
   xsi:schemaLocation="http://www.springframework.org/schema/mvc http://www.springframework.org/schema/mvc/spring-mvc.xsd
      http://www.springframework.org/schema/beans http://www.springframework.org/schema/beans/spring-beans.xsd
      http://www.springframework.org/schema/context http://www.springframework.org/schema/context/spring-context.xsd">

   <!-- Resolves views selected for rendering by @Controllers to .jsp resources in the /WEB-INF/views directory -->
   <beans:bean class="org.springframework.web.servlet.view.InternalResourceViewResolver">
      <beans:property name="prefix" value="/WEB-INF/views/" />
      <beans:property name="suffix" value=".jsp" />
   </beans:bean>
   
   <!-- @Autowired -->
   <context:annotation-config/>
   
   <!-- 메시지 처리 -->
   <beans:bean id="messageSource" class="org.springframework.context.support.ResourceBundleMessageSource">
      <beans:property name="basenames">
         <beans:list>
            <beans:value>messages.validation</beans:value>
            <beans:value>messages.label</beans:value>
         </beans:list>
      </beans:property>
   </beans:bean>
   
   <beans:bean class="kr.spring.ch01.controller.LoginController"/>
   <beans:bean class="kr.spring.ch01.service.AuthCheckServiceImpl"/>
   
   <!-- ================localeResolver 지정================== -->
   <beans:bean id="localeResolver" class="org.springframework.web.servlet.i18n.SessionLocaleResolver"/>
   
   <!-- locale 변경하기 -->
   <beans:bean class="kr.spring.ch02.controller.LocaleChangeController"/>
   
   <!-- localeChangeInterceptor를 이용한 locale 처리 -->
   <beans:bean id="localeChangeInterceptor" class="org.springframework.web.servlet.i18n.LocaleChangeInterceptor" p:paramName="language"/>
   <mvc:interceptors>
      <mvc:interceptor>
         <mvc:mapping path="/login/login.do"/>
         <beans:ref bean="localeChangeInterceptor"/>
      </mvc:interceptor>
   </mvc:interceptors>
   
</beans:beans>