<?xml version="1.0" encoding="UTF-8"?>
<beans:beans xmlns="http://www.springframework.org/schema/mvc"
	xmlns:xsi="http://www.w3.org/2001/XMLSchema-instance"
	xmlns:beans="http://www.springframework.org/schema/beans"
	xmlns:context="http://www.springframework.org/schema/context"
	xsi:schemaLocation="http://www.springframework.org/schema/mvc http://www.springframework.org/schema/mvc/spring-mvc.xsd
		http://www.springframework.org/schema/beans http://www.springframework.org/schema/beans/spring-beans.xsd
		http://www.springframework.org/schema/context http://www.springframework.org/schema/context/spring-context.xsd">
	
	<!-- @Autowired를 사용하기 위한 설정 -->
	<context:annotation-config/>
	
	<!-- Resolves views selected for rendering by @Controllers to .jsp resources in the /WEB-INF/views directory -->
	<beans:bean class="org.springframework.web.servlet.view.InternalResourceViewResolver">
		<beans:property name="prefix" value="/WEB-INF/views/" /><!-- 경로 -->
		<beans:property name="suffix" value=".jsp" /><!-- 확장자 -->
	</beans:bean>
	
	<!-- 기본 설정 -->
	<beans:bean id="helloController" class="kr.spring.ch01.controller.HelloController"/>
	
	<!-- 기본 설정2 -->
	<beans:bean id="newsController" class="kr.spring.ch02.controller.NewsController"/>
	
	<!-- 데이터를 전송하여 Java Bean에 담기 -->
	<beans:bean id="newArticleController" class="kr.spring.ch03.controller.NewArticleController"/>
	<beans:bean id="articleService" class="kr.spring.ch03.service.ArticleService"/>
	
	<!-- 파라미터로 전송된 데이터 처리 -->
	<beans:bean id="searchController" class="kr.spring.ch04.controller.SearchController"/>
	
	<!-- @CookieValue Annotation을 이용한 Cookie mapping -->
	<!-- id를 명시하지 않을 경우 class명의 맨 앞을 소문자로 변환하여 사용(cookieController) -->
	<beans:bean class="kr.spring.ch05.controller.CookieController"/>
	
	<!-- view에 model data 전달하기 -->
	<beans:bean class="kr.spring.ch06.controller.GameSearchController"/>
	<beans:bean id="searchService" class="kr.spring.ch06.service.SearchService"/>
	
	<!-- 유효성 체크 -->
	<beans:bean class="kr.spring.ch07.controller.CreateAccountController"/>
	
	<!-- ===============================리소스 번들 지정=================================== -->
	<!-- id=messageSource, id는 정해져있다 다르게 지정할 시 오류발생 -->
	<beans:bean id="messageSource" class="org.springframework.context.support.ResourceBundleMessageSource">
		<beans:property name="basenames"><!-- property name 다르게 지정할 시 오류 발생 -->
			<beans:list>
				<beans:value>messages.validation</beans:value>
			</beans:list>
		</beans:property>
	</beans:bean>
	
	<!-- 로그인 처리 -->
	<beans:bean class="kr.spring.ch08.controller.LoginController"/>	
	<beans:bean class="kr.spring.ch08.service.AuthCheckServiceImpl"/>
	
	<!-- =========================multipartResolver 설정================================= -->
	<beans:bean id="multipartResolver" class="org.springframework.web.multipart.commons.CommonsMultipartResolver">
		<beans:property name="maxUploadSize" value="52428800"/> <!-- 50MByte -->
		<beans:property name="defaultEncoding" value="UTF-8"/>
	</beans:bean>
	
	<!-- 파일 업로드 -->
	<beans:bean class="kr.spring.ch09.controller.SubmitReportController"/>
	
	<!-- =========================에러 페이지 처리================================ -->
	<beans:bean class="org.springframework.web.servlet.handler.SimpleMappingExceptionResolver">
		<beans:property name="exceptionMappings">
			<beans:props>
				<beans:prop key="java.lang.ArithmeticException">
					error/mathException
				</beans:prop>
				
				<beans:prop key="java.lang.Exception">
					error/exception
				</beans:prop>
			</beans:props>
		</beans:property>
	</beans:bean>
	
	<beans:bean class="kr.spring.ch10.controller.ArithmeticOperatorController"/>
	
</beans:beans>