<?xml version="1.0" encoding="UTF-8"?>
<beans xmlns="http://www.springframework.org/schema/beans"
	xmlns:xsi="http://www.w3.org/2001/XMLSchema-instance"
	xmlns:aop="http://www.springframework.org/schema/aop"
	xmlns:context="http://www.springframework.org/schema/context"
	xmlns:p="http://www.springframework.org/schema/p"
	xsi:schemaLocation="http://www.springframework.org/schema/beans http://www.springframework.org/schema/beans/spring-beans-3.2.xsd
		http://www.springframework.org/schema/aop http://www.springframework.org/schema/aop/spring-aop-3.2.xsd
		http://www.springframework.org/schema/context http://www.springframework.org/schema/context/spring-context-3.2.xsd">
	
	<!-- 프로퍼티 이름을 이용한 의존 관계 자동 설정 -ch15 -->
	<bean name="writeArticleService" class="kr.spring.ch15.WriteArticleServiceImpl" autowire="byName"/>
	<bean name="articleDao" class="kr.spring.ch15.WriteArticleDao"/>
	
	<!-- 프로퍼티 타입을 이용한 의존 관계 자동 설정 -ch16 -->
	<bean name="systemMonitor" class="kr.spring.ch16.SystemMonitor" autowire="byType"/>
	<bean name="phoneCall" class="kr.spring.ch16.PhoneCall"/>
	<!-- 동일한 타입이 있을 경우 오류 발생 -->
<!-- 	<bean name="phoneCall2" class="kr.spring.ch16.PhoneCall"></bean> -->

	<!-- 부모 bean을 통한 설정 재사용 -ch17 -->
																<!-- <bean>태그의 abstract 속성 값을 true로 지정하면, 스프링 컨테이너는 해당 bean 객체를 생성하지 않는다. -->
	<bean id="commonMonitor" class="kr.spring.ch17.SystemMonitor" abstract="true">
		<property name="periodTime" value="10"/>
		<property name="sender" ref="smsSender"/>		
	</bean>
	<bean id="smsSender" class="kr.spring.ch17.SmsSender"/>
	<!-- 자식 설정 -->
	<bean id="doorMonitor" parent="commonMonitor"/>
	<bean id="lobbyMonitor" parent="commonMonitor"/>
	<bean id="roomMonitor" parent="commonMonitor">
		<property name="periodTime" value="20"></property>
	</bean>
	
	
	<!-- 서로 다른 범위의 빈에 대한 의존 처리 -ch18 -->
   <bean id="executor" class="kr.spring.ch18.Executor">
      <property name="worker" ref="workerBean"/>
   </bean>
   <bean id="workerBean" class="kr.spring.ch18.Worker" scope="prototype">
      <!-- 
         위에 명시한 Executor가 singleton이고 Executor에서 prototype인 Worker를 참조할 때는
         Worker가 singleton으로 바뀌는 현상이 생겨서 이를 방지하기 위해 <aop:scoped=proxy/>를 명시해
         줌으로써 Worker가 prototype을 유지하게 만듦.
       -->
      <aop:scoped-proxy/>
   </bean>
</beans>
