<?xml version="1.0" encoding="UTF-8"?>
<beans xmlns="http://www.springframework.org/schema/beans"
	xmlns:xsi="http://www.w3.org/2001/XMLSchema-instance"
	xmlns:aop="http://www.springframework.org/schema/aop"
	xmlns:context="http://www.springframework.org/schema/context"
	xmlns:p="http://www.springframework.org/schema/p"
	xsi:schemaLocation="http://www.springframework.org/schema/beans http://www.springframework.org/schema/beans/spring-beans-3.2.xsd
		http://www.springframework.org/schema/aop http://www.springframework.org/schema/aop/spring-aop-3.2.xsd
		http://www.springframework.org/schema/context http://www.springframework.org/schema/context/spring-context-3.2.xsd">
	
	<!-- 객체 생성을 위한 설정(Spring Container에 생성된 객체 보관) -ch01-->
	<bean name="messageBean" class="kr.spring.ch01.MessageBean"/>

	<!-- 객체 생성을 위한 설정(Spring Container에 생성된 객체 보관) -ch02-->
	<bean name="greetingBean" class="kr.spring.ch02.GreetingBean"/>
	
	<!-- 객체 생성을 위한 설정(Spring Container에 생성된 객체 보관) -ch03-->
	<bean name="workBean" class="kr.spring.ch03.WorkBean"/>
	
	<!-- 생성자 설정 방식 -ch04-->
	<bean name="writeArticleService" class="kr.spring.ch04.WriteArticleService">
		<constructor-arg>
			<ref bean="writeArticleDao"/>
		</constructor-arg>
	</bean>
	<bean name="writeArticleDao" class="kr.spring.ch04.WriteArticleDao"/>
	
	<!-- 프로퍼티 설정 방식 -ch05-->
				<!-- 식별자는 unique해야 함 (why? 충돌하지 않아야하므로) -->
	<bean name="writeArticleService2" class="kr.spring.ch05.WriteArticleService">
		<property name="writeArticleDao">
			<ref bean="writeArticleDao2"/>
		</property>
	</bean>
	<bean name="writeArticleDao2" class="kr.spring.ch05.WriteArticleDao"/>
	
	<!-- 생성자 설정 방식 -ch06-->
		<!-- 식별자를 명시할 때 name이라고 써도 되고, id라고 써도 됨 -->
	<bean id="monitor" class="kr.spring.ch06.SystemMonitor">
		<!-- (주의) 인자의 순서대로 기재 -->
<!-- 		<constructor-arg>
			<value>10</value>
		</constructor-arg>
 -->
<!--  		<constructor-arg>
 			<value type="long">20</value>
 		</constructor-arg>
 		<constructor-arg>
			<ref bean="smsSender"/>
		</constructor-arg>
 -->
 	<!-- 순서를 무시할 때는 index를 표시 -->
<!--  	<constructor-arg index="1" ref="smsSender"/>
 	<constructor-arg index="0" value="30"/>
 -->
 	<!-- 생성자의 인자명을 기재 -->
 	<constructor-arg name="periodTime" value="40"/>
 	<constructor-arg name="sender" ref="smsSender"/>
  	</bean>
	<bean id="smsSender" class="kr.spring.ch06.SmsSender"/>
	
	<!-- property 설정 방식 : XML 네임스페이스를 이용한 프로퍼티 설정 -ch07 -->
	<bean id="monitor2" class="kr.spring.ch07.SystemMonitor" p:periodTime="50" p:sender-ref="smsSender2"/>
	<bean id="smsSender2" class="kr.spring.ch07.SmsSender"/>
	
	<!-- 싱글톤 패턴-ch08 -->
	<bean id="parser" class="kr.spring.ch08.ParserFactory" factory-method="getInstance"/>
	
	<!-- 룩업메서드 인젝션 방식 -ch09 -->
	<bean id="processor" class="kr.spring.ch09.Processor">
		<lookup-method name="getCommandFactory" bean="commandFactory"/>
	</bean>
	<bean id="commandFactory" class="kr.spring.ch09.CommandFactory"/>
	
	<!-- 임의의 bean 객체 전달 -ch10 -->
	<bean id="monitor3" class="kr.spring.ch10.SystemMonitor" p:periodTime="60">
		<property name="sender">
			<!-- id(or name)이 없어서 다른 객체에서 참조할 수 없음 => 임의의 bean -->
			<bean class="kr.spring.ch10.SmsSender"/>
		</property>
	</bean>
	
	<!-- List 타입 프로퍼티 설정 -ch11 -->
	<bean name="performanceMonitor" class="kr.spring.ch11.PerfomanceMonitor">
		<property name="devitions">
			<list value-type="java.lang.Double">
				<value>0.2</value>
				<value>0.3</value>
			</list>
		</property>
	</bean>
	
	<!-- Map 타입 프로퍼티 설정 -ch12 -->
	<bean name="protocolHandlerFactory" class="kr.spring.ch12.ProtocolHandlerFactory">
		<property name="map">
			<map key-type="java.lang.String" value-type="java.lang.Object">
				<entry>
					<key><value>soap</value></key>
					<ref bean="soapHandler"/>
				</entry>
				<entry>
					<key><value>rest</value></key>
					<ref bean="restHandler"/>
				</entry>
			</map>
		</property>	
	</bean>
	<bean name="soapHandler" class="kr.spring.ch12.SoapHandler"/>
	<bean name="restHandler" class="kr.spring.ch12.RestHandler"/>
	
	<!-- Properties 타입 프로퍼티 설정 -ch13 -->
	<bean name="bookClient" class="kr.spring.ch13.BookClient">
		<property name="prop">
			<props>
				<prop key="server">192.168.10.14</prop>
				<prop key="connectionTimeout">5000</prop>
			</props>
		</property>
	</bean>
	
	<!-- Set 타입 프로퍼티 설정 -ch14-->
	<bean name="videoClient" class="kr.spring.ch14.VideoClient">
		<property name="subSet">
			<set>
				<value>10</value>
				<value>20</value>
			</set>
		</property>	
	</bean>
</beans>
