<?xml version="1.0" encoding="UTF-8"?>
<beans xmlns="http://www.springframework.org/schema/beans"
	xmlns:xsi="http://www.w3.org/2001/XMLSchema-instance"
	xmlns:aop="http://www.springframework.org/schema/aop"
	xmlns:context="http://www.springframework.org/schema/context"
	xmlns:p="http://www.springframework.org/schema/p"
	xsi:schemaLocation="http://www.springframework.org/schema/beans http://www.springframework.org/schema/beans/spring-beans-3.2.xsd
		http://www.springframework.org/schema/aop http://www.springframework.org/schema/aop/spring-aop-3.2.xsd
		http://www.springframework.org/schema/context http://www.springframework.org/schema/context/spring-context-3.2.xsd">

	<!-- @Required annotation을 사용 시 필수적으로 설정 -->
	<bean class="org.springframework.beans.factory.annotation.RequiredAnnotationBeanPostProcessor"/>
	
	<bean id="camera1" class="kr.spring.ch01.Camera">
		<!-- 
			number property에 @Required annotation이 적용
			number property를 설정하지 않을 경우 예외 발생
		 -->
		<property name="number" value="1"/>
	</bean>
	
	<!-- @Autowired annotation을 사용 시 필수적으로 생성 -->
	<bean class="org.springframework.beans.factory.annotation.AutowiredAnnotationBeanPostProcessor"/>
	<bean id="monitor" class="kr.spring.ch02.SystemMonitor"/>
	<bean id="sender" class="kr.spring.ch02.SmsSender"/>
	
	<bean id="systemMonitor" class="kr.spring.ch03.SystemMonitor2"/>
	<bean name="recorder1" class="kr.spring.ch03.Recorder">
		<!-- @Qualifier annotation을 이용한 자동 설정 제한 -->
		<qualifier value="main"/>
	</bean>
	
	<!-- @Autowired는 Type를 체크하기 때문에 동일한 Type의 객체가 2개 이상 존재하면 오류 발생 -->
	<bean name="recorder2" class="kr.spring.ch03.Recorder"/>
	
	<!-- @Resource annotation을 사용 시 필수적으로 생성 -->
	<bean class="org.springframework.context.annotation.CommonAnnotationBeanPostProcessor"/>
	<bean id="homeController" class="kr.spring.ch04.HomeController"/>
	<bean id="camera2" class="kr.spring.ch04.Camera" p:number="2"/>
	<bean id="camera3" class="kr.spring.ch04.Camera" p:number="3"/>
	<bean id="camera4" class="kr.spring.ch04.Camera" p:number="4"/>
	
	<!-- @PostConstruct, @PreDestroy -->
	<bean id="homeController2" class="kr.spring.ch05.HomeController2"/>
	<bean id="camera5" class="kr.spring.ch05.Camera"/>
	
</beans>
